issue_id,review_id
ISS-access-login_failure,32fb340f-4f9f-4551-8dae-755221e58d6a
ISS-access-login_failure,de0a9cdf-8974-48bc-802f-331228df4619
ISS-billing-premium_restrictions_free_tier,21915fcd-9a35-48ba-b277-6296c4154603
ISS-billing-premium_restrictions_free_tier,7084ced1-0428-4093-9328-442f74719b4f
ISS-billing-premium_restrictions_free_tier,88439ec2-7c49-4c57-bedb-c5e098692aff
ISS-billing-premium_restrictions_free_tier,89a8e180-7846-4421-a2b6-fa7787e9d0d2
ISS-billing-premium_restrictions_free_tier,89ea2c30-db8b-459d-8ab7-bbcb7f92c774
ISS-billing-premium_restrictions_free_tier,a3605554-5c3a-441d-836e-e9fdea83eb2e
ISS-billing-premium_restrictions_free_tier,a78d831a-69f4-428a-9235-cfdd9775c509
ISS-billing-premium_restrictions_free_tier,ad730d1a-829a-4dc4-9561-7e1cd07e2c30
ISS-billing-premium_restrictions_free_tier,d146397f-4a94-4980-be00-ae9212eca3a7
ISS-billing-premium_restrictions_free_tier,ebc64fe2-9553-4528-87d5-cb4bb9783be6
ISS-catalog-lyrics,47becad0-8ae5-4a10-9731-fde8f2091862
ISS-catalog-lyrics,e0127547-4edd-44a0-8d5e-e8398bc07086
ISS-catalog-missing_or_removed_content,0658feaa-5bec-416e-b6b0-3de2a4c14580
ISS-catalog-missing_or_removed_content,a1a28752-3256-4f81-b888-3e943343529f
ISS-catalog-recommendations_and_discovery,1807cc68-ba99-4edc-b6f1-2a1478e69109
ISS-downloads-offline_mode,dcff57c6-abd6-413b-b255-aec3dc34fcbd
ISS-other-general_criticism,06a45bd5-3ed9-43af-b7f2-8b9487e2ffff
ISS-other-general_criticism,178c3b49-b689-4fe4-92a2-2257a58e6d95
ISS-other-general_criticism,2d5cdd20-3094-40a5-bc6e-653302b59b56
ISS-other-general_criticism,51bfd887-24a0-4741-8b59-68e0a726dd7a
ISS-other-general_criticism,8b6e028a-5f63-4011-9841-cbbade4830eb
ISS-other-general_criticism,b47c203f-366e-4409-922d-cd52aa8bbef6
ISS-other-general_criticism,b92a7381-b5cd-4c77-9176-e5c4b4818c8a
ISS-other-general_criticism,c1ab120a-f91f-4ee3-87f5-66f352e2d47f
ISS-other-general_criticism,ca16e65d-d2ff-4453-a495-b8c422809330
ISS-other-politics_or_boycott,33526c6f-7a49-4b3d-bd20-d1bc191c494c
ISS-other-politics_or_boycott,486d1d7a-d6f6-41ea-81ad-ed875452729c
ISS-playback-connection_or_loading,4ab2089a-ffa8-49e7-a8a3-aeb583a96796
ISS-playback-crashes_or_wont_open,45c561b9-cc47-4d80-95d3-f0d20bc84af3
ISS-playback-crashes_or_wont_open,55cc3abf-c295-4591-8c3a-78085cfdefaa
ISS-playback-crashes_or_wont_open,66a29b3c-c14d-440e-b722-b23e0c99ae82
ISS-playback-general,2ffdf599-a0d5-4c01-bf26-025215d44c06
ISS-playback-general,46ff0c74-5e86-4e5b-b4cd-36201aab0f9e
ISS-playback-general,9c9757da-6b99-4c95-a0e7-0661ee858027
ISS-playback-general,e16a4550-43e7-4ae1-b538-a65cc652c31b
ISS-playback-stops_or_pauses,6c257eba-3dca-49f6-b7f0-4c4484d81e26
ISS-usability-ads,035213ba-b1b9-411c-b028-70296e5f0e73
ISS-usability-ads,3e8bdc92-4934-457e-85cc-8b9d14bf51c0
ISS-usability-ads,85383985-844d-4f9b-bcd9-d6016ac35f6b
ISS-usability-ads,ab67a772-c3b7-42ba-9b80-8d21d3857018
ISS-usability-ads,c2738a4f-e57c-46bc-a4ad-8ec5a4b5d5cd
ISS-usability-ads,cf6166ae-d71a-4839-9add-088645ad3b78
ISS-usability-ads,e5e6c55f-3069-4b7c-9807-f8b5d5bf2726
ISS-usability-navigation_and_controls,618d1dbb-0186-4537-923a-7b4dabf19afb
ISS-usability-navigation_and_controls,9e5f9745-f8be-48d3-b9de-4d118507d94a
ISS-usability-navigation_and_controls,d455c11e-c530-4c03-a395-38f5a5cdb8d3
ISS-usability-shuffle_and_queue,5c9c17d3-9d6a-4fa1-a2a4-ae98eefbbd25
ISS-usability-ui_redesign,94c9f2f9-36fa-4c11-936e-660514fe7a35
