rank,issue_id,complaint_count,severity_sum,mean_severity,priority_score,cancellation_count,severity_4plus_count,severity_5_count,needs_review_count,cache_reuse_count,mean_sentiment
1,ISS-billing-premium_restrictions_free_tier,55924,160920,2.877477,160920,11079,818,0,831,203,-0.696651
2,ISS-other-general_criticism,78483,156997,2.000395,156997,4040,4,4,5345,33498,-0.707230
3,ISS-usability-ads,38146,81682,2.141299,81682,1380,38,0,1016,3589,-0.541978
4,ISS-playback-general,9503,29856,3.141745,29856,330,2264,2,3179,214,-0.584479
5,ISS-playback-crashes_or_wont_open,7821,28595,3.656182,28595,395,5153,7,260,119,-0.680028
6,ISS-usability-shuffle_and_queue,9429,27092,2.873263,27092,760,83,0,149,6,-0.582729
7,ISS-access-login_failure,6781,26101,3.849137,26101,263,5751,25,359,164,-0.682296
8,ISS-playback-stops_or_pauses,7609,24236,3.185175,24236,552,1418,0,127,25,-0.616875
9,ISS-playback-skips_or_wrong_song,7776,23667,3.043596,23667,453,368,0,249,4,-0.623090
10,ISS-usability-ui_redesign,8783,19559,2.226916,19559,1361,20,0,117,150,-0.620016
11,ISS-playback-connection_or_loading,4864,16123,3.314762,16123,148,1622,3,321,19,-0.604811
12,ISS-usability-playlist_and_library_management,5076,14354,2.827817,14354,161,264,0,117,6,-0.521887
13,ISS-catalog-lyrics,5054,14303,2.830036,14303,125,13,0,139,65,-0.478413
14,ISS-catalog-missing_or_removed_content,4998,13680,2.737095,13680,306,45,0,317,31,-0.484254
15,ISS-usability-navigation_and_controls,3850,9586,2.489870,9586,189,51,0,146,18,-0.510442
16,ISS-billing-price,4566,9277,2.031756,9277,595,6,0,198,125,-0.533136
17,ISS-playback-device_bluetooth_car_cast,2932,8952,3.053206,8952,228,293,1,58,0,-0.577558
18,ISS-billing-subscription_or_payment_problem,2507,8582,3.423215,8582,168,1238,26,211,0,-0.617830
19,ISS-downloads-offline_mode,2348,7965,3.392249,7965,92,986,3,54,2,-0.584242
20,ISS-other-politics_or_boycott,3561,7040,1.976973,7040,1681,0,0,1319,180,-0.687953
21,ISS-playback-performance_battery_storage,2259,5950,2.633909,5950,75,67,0,109,45,-0.521027
22,ISS-catalog-recommendations_and_discovery,2464,5846,2.372565,5846,112,1,0,57,0,-0.457792
23,ISS-downloads-download_failure,1589,5335,3.357458,5335,25,628,1,131,33,-0.552045
24,ISS-downloads-downloads_lost,1359,4777,3.515085,4777,78,629,75,52,2,-0.662325
25,ISS-billing-unauthorized_or_unexpected_charge,981,4413,4.498471,4413,104,856,629,56,0,-0.816820
26,ISS-playback-audio_quality_or_volume,1658,4269,2.574789,4269,52,54,0,92,38,-0.511821
27,ISS-catalog-podcasts_audiobooks,1506,4005,2.659363,4005,101,78,1,32,0,-0.515139
28,ISS-catalog-search,1219,3494,2.866284,3494,37,38,0,91,0,-0.520057
29,ISS-usability-general,1399,3285,2.348106,3285,94,8,0,108,7,-0.517513
30,ISS-access-logged_out,963,3204,3.327103,3204,42,309,10,18,2,-0.604621
31,ISS-usability-notifications_and_widgets,1005,2289,2.277612,2289,50,2,0,16,0,-0.479602
32,ISS-access-account_hacked_or_locked,506,2215,4.377470,2215,41,451,248,72,1,-0.759091
33,ISS-catalog-general,880,1980,2.250000,1980,27,9,0,168,7,-0.443068
34,ISS-access-general,599,1859,3.103506,1859,24,174,6,203,7,-0.585309
35,ISS-support-unhelpful_response,457,1420,3.107221,1420,47,98,7,15,0,-0.672319
36,ISS-access-signup_or_verification,365,1333,3.652055,1333,13,255,0,26,0,-0.660274
37,ISS-downloads-general,399,1112,2.786967,1112,8,21,0,71,2,-0.477444
38,ISS-billing-family_student_plan,340,958,2.817647,958,32,57,3,13,0,-0.535588
39,ISS-other-unspecified_bug,429,907,2.114219,907,1,0,0,224,44,-0.474126
40,ISS-billing-general,316,659,2.085443,659,20,0,0,85,10,-0.538924
41,ISS-support-general,141,314,2.226950,314,4,1,0,24,2,-0.563121
42,ISS-support-no_or_slow_response,93,277,2.978495,277,10,19,1,1,0,-0.620430
43,ISS-other-general_praise,141,238,1.687943,238,15,0,0,7,0,0.204965
44,ISS-other-unrelated_or_unclear,106,200,1.886792,200,3,0,0,81,1,-0.409434
