claim_id,issue_id,metric,value
C001,ISS-billing-premium_restrictions_free_tier,complaint_count,55924
C002,ISS-billing-premium_restrictions_free_tier,severity_sum,160920
C003,ISS-billing-premium_restrictions_free_tier,mean_severity,2.877477
C004,ISS-billing-premium_restrictions_free_tier,priority_score,160920
C005,ISS-other-general_criticism,complaint_count,78483
C006,ISS-other-general_criticism,severity_sum,156997
C007,ISS-other-general_criticism,mean_severity,2.000395
C008,ISS-other-general_criticism,priority_score,156997
C009,ISS-usability-ads,complaint_count,38146
C010,ISS-usability-ads,severity_sum,81682
C011,ISS-usability-ads,mean_severity,2.141299
C012,ISS-usability-ads,priority_score,81682
C013,ISS-playback-general,complaint_count,9503
C014,ISS-playback-general,severity_sum,29856
C015,ISS-playback-general,mean_severity,3.141745
C016,ISS-playback-general,priority_score,29856
C017,ISS-playback-crashes_or_wont_open,complaint_count,7821
C018,ISS-playback-crashes_or_wont_open,severity_sum,28595
C019,ISS-playback-crashes_or_wont_open,mean_severity,3.656182
C020,ISS-playback-crashes_or_wont_open,priority_score,28595
C021,ISS-usability-shuffle_and_queue,complaint_count,9429
C022,ISS-usability-shuffle_and_queue,severity_sum,27092
C023,ISS-usability-shuffle_and_queue,mean_severity,2.873263
C024,ISS-usability-shuffle_and_queue,priority_score,27092
C025,ISS-access-login_failure,complaint_count,6781
C026,ISS-access-login_failure,severity_sum,26101
C027,ISS-access-login_failure,mean_severity,3.849137
C028,ISS-access-login_failure,priority_score,26101
C029,ISS-playback-stops_or_pauses,complaint_count,7609
C030,ISS-playback-stops_or_pauses,severity_sum,24236
C031,ISS-playback-stops_or_pauses,mean_severity,3.185175
C032,ISS-playback-stops_or_pauses,priority_score,24236
C033,ISS-playback-skips_or_wrong_song,complaint_count,7776
C034,ISS-playback-skips_or_wrong_song,severity_sum,23667
C035,ISS-playback-skips_or_wrong_song,mean_severity,3.043596
C036,ISS-playback-skips_or_wrong_song,priority_score,23667
C037,ISS-usability-ui_redesign,complaint_count,8783
C038,ISS-usability-ui_redesign,severity_sum,19559
C039,ISS-usability-ui_redesign,mean_severity,2.226916
C040,ISS-usability-ui_redesign,priority_score,19559
