month,reviews,completed,complaints,free_tier_restriction_complaints,free_tier_share_of_complaints,ads_share,playback_share
2022-05,15461,15461,4695,383,0.0816,0.1781,0.3544
2022-06,30338,30338,8970,869,0.0969,0.1862,0.3392
2022-07,32784,32783,11570,966,0.0835,0.1615,0.3935
2022-08,30732,30732,8625,851,0.0987,0.2372,0.2763
2022-09,26933,26933,7329,715,0.0976,0.2411,0.2662
2022-10,27572,27571,7779,763,0.0981,0.2712,0.2289
2022-11,27349,27349,8266,885,0.1071,0.2191,0.2284
2022-12,31744,31742,11296,894,0.0791,0.1736,0.3027
2023-01,28609,28605,8615,750,0.0871,0.197,0.3093
2023-02,20889,20889,6054,579,0.0956,0.2669,0.2494
2023-03,27238,27237,9444,720,0.0762,0.1724,0.187
2023-04,25014,25014,8426,616,0.0731,0.154,0.2178
2023-05,28062,28061,8913,1099,0.1233,0.1709,0.195
2023-06,27117,27117,10061,1758,0.1747,0.1778,0.1829
2023-07,85079,85079,47833,1438,0.0301,0.0708,0.054
2023-08,30438,30438,11614,1109,0.0955,0.2081,0.1844
2023-09,41634,41634,21970,6112,0.2782,0.1254,0.113
2023-10,89104,89102,65997,28164,0.4267,0.0615,0.0515
2023-11,34525,34524,23746,7260,0.3057,0.0804,0.0749
