rank,issue_id,complaint_count,severity_sum,mean_severity,priority_score
1,ISS-billing-premium_restrictions_free_tier,55931,160941,2.877492,160941
2,ISS-other-general_criticism,78483,156997,2.000395,156997
3,ISS-usability-ads,38148,81686,2.141292,81686
4,ISS-playback-general,9503,29856,3.141745,29856
5,ISS-playback-crashes_or_wont_open,7821,28595,3.656182,28595
6,ISS-usability-shuffle_and_queue,9430,27095,2.873277,27095
7,ISS-access-login_failure,6781,26101,3.849137,26101
8,ISS-playback-stops_or_pauses,7610,24240,3.185283,24240
9,ISS-playback-skips_or_wrong_song,7778,23673,3.043584,23673
10,ISS-usability-ui_redesign,8783,19559,2.226916,19559
11,ISS-playback-connection_or_loading,4864,16123,3.314762,16123
12,ISS-usability-playlist_and_library_management,5076,14354,2.827817,14354
13,ISS-catalog-lyrics,5054,14303,2.830036,14303
14,ISS-catalog-missing_or_removed_content,4999,13683,2.737147,13683
15,ISS-usability-navigation_and_controls,3852,9590,2.489616,9590
16,ISS-billing-price,4566,9277,2.031756,9277
17,ISS-playback-device_bluetooth_car_cast,2932,8952,3.053206,8952
18,ISS-billing-subscription_or_payment_problem,2508,8585,3.423046,8585
19,ISS-downloads-offline_mode,2348,7965,3.392249,7965
20,ISS-other-politics_or_boycott,3561,7040,1.976973,7040
21,ISS-playback-performance_battery_storage,2259,5950,2.633909,5950
22,ISS-catalog-recommendations_and_discovery,2464,5846,2.372565,5846
23,ISS-downloads-download_failure,1589,5335,3.357458,5335
24,ISS-downloads-downloads_lost,1359,4777,3.515085,4777
25,ISS-billing-unauthorized_or_unexpected_charge,981,4413,4.498471,4413
26,ISS-playback-audio_quality_or_volume,1659,4272,2.575045,4272
27,ISS-catalog-podcasts_audiobooks,1506,4005,2.659363,4005
28,ISS-catalog-search,1219,3494,2.866284,3494
29,ISS-usability-general,1399,3285,2.348106,3285
30,ISS-access-logged_out,963,3204,3.327103,3204
31,ISS-usability-notifications_and_widgets,1005,2289,2.277612,2289
32,ISS-access-account_hacked_or_locked,506,2215,4.377470,2215
33,ISS-catalog-general,880,1980,2.250000,1980
34,ISS-access-general,599,1859,3.103506,1859
35,ISS-support-unhelpful_response,457,1420,3.107221,1420
36,ISS-access-signup_or_verification,365,1333,3.652055,1333
37,ISS-downloads-general,399,1112,2.786967,1112
38,ISS-billing-family_student_plan,340,958,2.817647,958
39,ISS-other-unspecified_bug,429,907,2.114219,907
40,ISS-billing-general,316,659,2.085443,659
41,ISS-support-general,141,314,2.226950,314
42,ISS-support-no_or_slow_response,93,277,2.978495,277
43,ISS-other-general_praise,141,238,1.687943,238
44,ISS-other-unrelated_or_unclear,106,200,1.886792,200
